md5,path,class_name,label
d403f4b032275a90e21f813d9e5564f7,/content/ShopDataSet/Shop DataSet/non shop lifters/shop_lifter_n_198.mp4,non shop lifters,0
d403f4b032275a90e21f813d9e5564f7,/content/ShopDataSet/Shop DataSet/non shop lifters/shop_lifter_n_198_1.mp4,non shop lifters,0
d358322cce7ad4ae5f3cc42516e96c13,/content/ShopDataSet/Shop DataSet/non shop lifters/shop_lifter_n_98.mp4,non shop lifters,0
d358322cce7ad4ae5f3cc42516e96c13,/content/ShopDataSet/Shop DataSet/non shop lifters/shop_lifter_n_98_1.mp4,non shop lifters,0
272598bb8de91a0d91161d86a92f54a8,/content/ShopDataSet/Shop DataSet/non shop lifters/shop_lifter_n_158.mp4,non shop lifters,0
272598bb8de91a0d91161d86a92f54a8,/content/ShopDataSet/Shop DataSet/non shop lifters/shop_lifter_n_158_1.mp4,non shop lifters,0
4854fb95be19b61d0e77706ec8a86c00,/content/ShopDataSet/Shop DataSet/non shop lifters/shop_lifter_n_92_1.mp4,non shop lifters,0
4854fb95be19b61d0e77706ec8a86c00,/content/ShopDataSet/Shop DataSet/non shop lifters/shop_lifter_n_92.mp4,non shop lifters,0
a59f5aa8edfe351833516d58f957d8c4,/content/ShopDataSet/Shop DataSet/non shop lifters/shop_lifter_n_197_1.mp4,non shop lifters,0
a59f5aa8edfe351833516d58f957d8c4,/content/ShopDataSet/Shop DataSet/non shop lifters/shop_lifter_n_197.mp4,non shop lifters,0
17e7a8dbe1affa90a3993b8fee6b6039,/content/ShopDataSet/Shop DataSet/non shop lifters/shop_lifter_n_186_1.mp4,non shop lifters,0
17e7a8dbe1affa90a3993b8fee6b6039,/content/ShopDataSet/Shop DataSet/non shop lifters/shop_lifter_n_186.mp4,non shop lifters,0
f7adfa9cfa40a95e8ecd2c009e61468e,/content/ShopDataSet/Shop DataSet/non shop lifters/shop_lifter_n_39_1.mp4,non shop lifters,0
f7adfa9cfa40a95e8ecd2c009e61468e,/content/ShopDataSet/Shop DataSet/non shop lifters/shop_lifter_n_39.mp4,non shop lifters,0
4c52352255fd62a6fe5b85a8b42f39be,/content/ShopDataSet/Shop DataSet/non shop lifters/shop_lifter_n_101_1.mp4,non shop lifters,0
4c52352255fd62a6fe5b85a8b42f39be,/content/ShopDataSet/Shop DataSet/non shop lifters/shop_lifter_n_101.mp4,non shop lifters,0
15b7bf33ad22c1ccb8a44d5e550807a2,/content/ShopDataSet/Shop DataSet/non shop lifters/shop_lifter_n_143_1.mp4,non shop lifters,0
15b7bf33ad22c1ccb8a44d5e550807a2,/content/ShopDataSet/Shop DataSet/non shop lifters/shop_lifter_n_143.mp4,non shop lifters,0
4f2235c766727acee51eb5df55ad7076,/content/ShopDataSet/Shop DataSet/non shop lifters/shop_lifter_n_74_1.mp4,non shop lifters,0
4f2235c766727acee51eb5df55ad7076,/content/ShopDataSet/Shop DataSet/non shop lifters/shop_lifter_n_74.mp4,non shop lifters,0
71c358416849f8c76a84550c617b6255,/content/ShopDataSet/Shop DataSet/non shop lifters/shop_lifter_n_35.mp4,non shop lifters,0
71c358416849f8c76a84550c617b6255,/content/ShopDataSet/Shop DataSet/non shop lifters/shop_lifter_n_35_1.mp4,non shop lifters,0
c4306a78f54ddd482cd73003a81ff508,/content/ShopDataSet/Shop DataSet/non shop lifters/shop_lifter_n_182_1.mp4,non shop lifters,0
c4306a78f54ddd482cd73003a81ff508,/content/ShopDataSet/Shop DataSet/non shop lifters/shop_lifter_n_182.mp4,non shop lifters,0
a2912ea8f0fb0f5285b62fe96e281428,/content/ShopDataSet/Shop DataSet/non shop lifters/shop_lifter_n_218.mp4,non shop lifters,0
a2912ea8f0fb0f5285b62fe96e281428,/content/ShopDataSet/Shop DataSet/non shop lifters/shop_lifter_n_218_1.mp4,non shop lifters,0
2ac0293ef310c5bc88e870c75a4184fc,/content/ShopDataSet/Shop DataSet/non shop lifters/shop_lifter_n_33.mp4,non shop lifters,0
2ac0293ef310c5bc88e870c75a4184fc,/content/ShopDataSet/Shop DataSet/non shop lifters/shop_lifter_n_33_1.mp4,non shop lifters,0
2eb0ac296d9556f5e4b9b35a67ee6349,/content/ShopDataSet/Shop DataSet/non shop lifters/shop_lifter_n_177_1.mp4,non shop lifters,0
2eb0ac296d9556f5e4b9b35a67ee6349,/content/ShopDataSet/Shop DataSet/non shop lifters/shop_lifter_n_177.mp4,non shop lifters,0
7d085a0887c908ca2146bfa06d7d8389,/content/ShopDataSet/Shop DataSet/non shop lifters/shop_lifter_n_118.mp4,non shop lifters,0
7d085a0887c908ca2146bfa06d7d8389,/content/ShopDataSet/Shop DataSet/non shop lifters/shop_lifter_n_118_1.mp4,non shop lifters,0
fa3262aa16299d2c618a2fa6a77a1d05,/content/ShopDataSet/Shop DataSet/non shop lifters/shop_lifter_n_93_1.mp4,non shop lifters,0
fa3262aa16299d2c618a2fa6a77a1d05,/content/ShopDataSet/Shop DataSet/non shop lifters/shop_lifter_n_93.mp4,non shop lifters,0
75a1e23acab4f33e284956dee1dc16ba,/content/ShopDataSet/Shop DataSet/non shop lifters/shop_lifter_n_174.mp4,non shop lifters,0
75a1e23acab4f33e284956dee1dc16ba,/content/ShopDataSet/Shop DataSet/non shop lifters/shop_lifter_n_174_1.mp4,non shop lifters,0
a674755dac2038812f10aeb9cff34da2,/content/ShopDataSet/Shop DataSet/non shop lifters/shop_lifter_n_53_1.mp4,non shop lifters,0
a674755dac2038812f10aeb9cff34da2,/content/ShopDataSet/Shop DataSet/non shop lifters/shop_lifter_n_53.mp4,non shop lifters,0
4c178a18b6b1f2fcd4184b3e10feee04,/content/ShopDataSet/Shop DataSet/non shop lifters/shop_lifter_n_89.mp4,non shop lifters,0
4c178a18b6b1f2fcd4184b3e10feee04,/content/ShopDataSet/Shop DataSet/non shop lifters/shop_lifter_n_89_1.mp4,non shop lifters,0
105e05f0f6806c9f07cc6f653f93457e,/content/ShopDataSet/Shop DataSet/non shop lifters/shop_lifter_n_165_1.mp4,non shop lifters,0
105e05f0f6806c9f07cc6f653f93457e,/content/ShopDataSet/Shop DataSet/non shop lifters/shop_lifter_n_165.mp4,non shop lifters,0
13259cc69976fd5b7f12aa9aeab9e3ea,/content/ShopDataSet/Shop DataSet/non shop lifters/shop_lifter_n_121.mp4,non shop lifters,0
13259cc69976fd5b7f12aa9aeab9e3ea,/content/ShopDataSet/Shop DataSet/non shop lifters/shop_lifter_n_121_1.mp4,non shop lifters,0
1eb5cf8f0fe17e0b4f44b89d13e0c312,/content/ShopDataSet/Shop DataSet/non shop lifters/shop_lifter_n_141.mp4,non shop lifters,0
1eb5cf8f0fe17e0b4f44b89d13e0c312,/content/ShopDataSet/Shop DataSet/non shop lifters/shop_lifter_n_141_1.mp4,non shop lifters,0
716a1834dcefb585c0fb22f0e7056a85,/content/ShopDataSet/Shop DataSet/non shop lifters/shop_lifter_n_27_1.mp4,non shop lifters,0
716a1834dcefb585c0fb22f0e7056a85,/content/ShopDataSet/Shop DataSet/non shop lifters/shop_lifter_n_27.mp4,non shop lifters,0
75db43f4a7363ade3bfa8e54579b16e0,/content/ShopDataSet/Shop DataSet/non shop lifters/shop_lifter_n_209_1.mp4,non shop lifters,0
75db43f4a7363ade3bfa8e54579b16e0,/content/ShopDataSet/Shop DataSet/non shop lifters/shop_lifter_n_209.mp4,non shop lifters,0
08581b060866aa489d14e169ce09ae58,/content/ShopDataSet/Shop DataSet/non shop lifters/shop_lifter_n_127.mp4,non shop lifters,0
08581b060866aa489d14e169ce09ae58,/content/ShopDataSet/Shop DataSet/non shop lifters/shop_lifter_n_127_1.mp4,non shop lifters,0
3cbf19c1dfd9295c1ec0edca30920a40,/content/ShopDataSet/Shop DataSet/non shop lifters/shop_lifter_n_83_1.mp4,non shop lifters,0
3cbf19c1dfd9295c1ec0edca30920a40,/content/ShopDataSet/Shop DataSet/non shop lifters/shop_lifter_n_83.mp4,non shop lifters,0
2cb6ec50117fa22fc3eeef652c8282d4,/content/ShopDataSet/Shop DataSet/non shop lifters/shop_lifter_n_108_1.mp4,non shop lifters,0
2cb6ec50117fa22fc3eeef652c8282d4,/content/ShopDataSet/Shop DataSet/non shop lifters/shop_lifter_n_108.mp4,non shop lifters,0
92b444bbd6aaeae5426f548f67156ade,/content/ShopDataSet/Shop DataSet/non shop lifters/shop_lifter_n_44_1.mp4,non shop lifters,0
92b444bbd6aaeae5426f548f67156ade,/content/ShopDataSet/Shop DataSet/non shop lifters/shop_lifter_n_44.mp4,non shop lifters,0
06ecaf71d3ba56865ef36c6c73eda80a,/content/ShopDataSet/Shop DataSet/non shop lifters/shop_lifter_n_214_1.mp4,non shop lifters,0
06ecaf71d3ba56865ef36c6c73eda80a,/content/ShopDataSet/Shop DataSet/non shop lifters/shop_lifter_n_214.mp4,non shop lifters,0
2b91ff8fcb281043d43e216c6ba8b378,/content/ShopDataSet/Shop DataSet/non shop lifters/shop_lifter_n_99.mp4,non shop lifters,0
2b91ff8fcb281043d43e216c6ba8b378,/content/ShopDataSet/Shop DataSet/non shop lifters/shop_lifter_n_99_1.mp4,non shop lifters,0
2a5cc303841507c6f54f9f4b74362e30,/content/ShopDataSet/Shop DataSet/non shop lifters/shop_lifter_n_203_1.mp4,non shop lifters,0
2a5cc303841507c6f54f9f4b74362e30,/content/ShopDataSet/Shop DataSet/non shop lifters/shop_lifter_n_203.mp4,non shop lifters,0
9ae8f9427b43734d62e67f9cffb14b2b,/content/ShopDataSet/Shop DataSet/non shop lifters/shop_lifter_n_71.mp4,non shop lifters,0
9ae8f9427b43734d62e67f9cffb14b2b,/content/ShopDataSet/Shop DataSet/non shop lifters/shop_lifter_n_71_1.mp4,non shop lifters,0
5bfd763dd65115e7e6ee05ce3aa3a88c,/content/ShopDataSet/Shop DataSet/non shop lifters/shop_lifter_n_128_1.mp4,non shop lifters,0
5bfd763dd65115e7e6ee05ce3aa3a88c,/content/ShopDataSet/Shop DataSet/non shop lifters/shop_lifter_n_128.mp4,non shop lifters,0
2305b7f8f9a068167495c3877856af7d,/content/ShopDataSet/Shop DataSet/non shop lifters/shop_lifter_n_184_1.mp4,non shop lifters,0
2305b7f8f9a068167495c3877856af7d,/content/ShopDataSet/Shop DataSet/non shop lifters/shop_lifter_n_184.mp4,non shop lifters,0
dd22aacc034a568ae0e39ca5ee892476,/content/ShopDataSet/Shop DataSet/non shop lifters/shop_lifter_n_55_1.mp4,non shop lifters,0
dd22aacc034a568ae0e39ca5ee892476,/content/ShopDataSet/Shop DataSet/non shop lifters/shop_lifter_n_55.mp4,non shop lifters,0
1fb401b83d941a7ab392dcf69a5b958b,/content/ShopDataSet/Shop DataSet/non shop lifters/shop_lifter_n_9.mp4,non shop lifters,0
1fb401b83d941a7ab392dcf69a5b958b,/content/ShopDataSet/Shop DataSet/non shop lifters/shop_lifter_n_9_1.mp4,non shop lifters,0
de44b5a46ebeeaa783cabf575602e78d,/content/ShopDataSet/Shop DataSet/non shop lifters/shop_lifter_n_87.mp4,non shop lifters,0
de44b5a46ebeeaa783cabf575602e78d,/content/ShopDataSet/Shop DataSet/non shop lifters/shop_lifter_n_87_1.mp4,non shop lifters,0
34b3affb8645ae7e1e51f68373372b95,/content/ShopDataSet/Shop DataSet/non shop lifters/shop_lifter_n_162.mp4,non shop lifters,0
34b3affb8645ae7e1e51f68373372b95,/content/ShopDataSet/Shop DataSet/non shop lifters/shop_lifter_n_162_1.mp4,non shop lifters,0
82206aee705fb34887eda6555be92614,/content/ShopDataSet/Shop DataSet/non shop lifters/shop_lifter_n_195.mp4,non shop lifters,0
82206aee705fb34887eda6555be92614,/content/ShopDataSet/Shop DataSet/non shop lifters/shop_lifter_n_195_1.mp4,non shop lifters,0
e08fce4f79f13c645305b4914c953e4a,/content/ShopDataSet/Shop DataSet/non shop lifters/shop_lifter_n_72.mp4,non shop lifters,0
e08fce4f79f13c645305b4914c953e4a,/content/ShopDataSet/Shop DataSet/non shop lifters/shop_lifter_n_72_1.mp4,non shop lifters,0
ce49e6665bf062a10cc6154b2e6bf8c6,/content/ShopDataSet/Shop DataSet/non shop lifters/shop_lifter_n_156_1.mp4,non shop lifters,0
ce49e6665bf062a10cc6154b2e6bf8c6,/content/ShopDataSet/Shop DataSet/non shop lifters/shop_lifter_n_156.mp4,non shop lifters,0
d7c0efb868adaf05494c269cc5b1feaf,/content/ShopDataSet/Shop DataSet/non shop lifters/shop_lifter_n_133.mp4,non shop lifters,0
d7c0efb868adaf05494c269cc5b1feaf,/content/ShopDataSet/Shop DataSet/non shop lifters/shop_lifter_n_133_1.mp4,non shop lifters,0
8e17d1a09b3a4c71aa7fd5ecd0e5bc7e,/content/ShopDataSet/Shop DataSet/non shop lifters/shop_lifter_n_19_1.mp4,non shop lifters,0
8e17d1a09b3a4c71aa7fd5ecd0e5bc7e,/content/ShopDataSet/Shop DataSet/non shop lifters/shop_lifter_n_19.mp4,non shop lifters,0
66dc0132b415790ca0b62f7ab5af731d,/content/ShopDataSet/Shop DataSet/non shop lifters/shop_lifter_n_164_1.mp4,non shop lifters,0
66dc0132b415790ca0b62f7ab5af731d,/content/ShopDataSet/Shop DataSet/non shop lifters/shop_lifter_n_164.mp4,non shop lifters,0
4a830a3a7061dbeb4875c4b0bc057ad6,/content/ShopDataSet/Shop DataSet/non shop lifters/shop_lifter_n_126_1.mp4,non shop lifters,0
4a830a3a7061dbeb4875c4b0bc057ad6,/content/ShopDataSet/Shop DataSet/non shop lifters/shop_lifter_n_126.mp4,non shop lifters,0
3b82dae192436b82b8e261bad26b7874,/content/ShopDataSet/Shop DataSet/non shop lifters/shop_lifter_n_202.mp4,non shop lifters,0
3b82dae192436b82b8e261bad26b7874,/content/ShopDataSet/Shop DataSet/non shop lifters/shop_lifter_n_202_1.mp4,non shop lifters,0
01d93ddb4985cb7a6196cf74d275f86e,/content/ShopDataSet/Shop DataSet/non shop lifters/shop_lifter_n_15.mp4,non shop lifters,0
01d93ddb4985cb7a6196cf74d275f86e,/content/ShopDataSet/Shop DataSet/non shop lifters/shop_lifter_n_15_1.mp4,non shop lifters,0
14cc91932d9a11683df3f96a005d200e,/content/ShopDataSet/Shop DataSet/non shop lifters/shop_lifter_n_46.mp4,non shop lifters,0
14cc91932d9a11683df3f96a005d200e,/content/ShopDataSet/Shop DataSet/non shop lifters/shop_lifter_n_46_1.mp4,non shop lifters,0
5224c6db0afb0a4018072b8bc375adf6,/content/ShopDataSet/Shop DataSet/non shop lifters/shop_lifter_n_176_1.mp4,non shop lifters,0
5224c6db0afb0a4018072b8bc375adf6,/content/ShopDataSet/Shop DataSet/non shop lifters/shop_lifter_n_176.mp4,non shop lifters,0
045c1271b2a1e306288c0ac73604583a,/content/ShopDataSet/Shop DataSet/non shop lifters/shop_lifter_n_110.mp4,non shop lifters,0
045c1271b2a1e306288c0ac73604583a,/content/ShopDataSet/Shop DataSet/non shop lifters/shop_lifter_n_110_1.mp4,non shop lifters,0
88f51982f87ed1092665d765da2c4b00,/content/ShopDataSet/Shop DataSet/non shop lifters/shop_lifter_n_145.mp4,non shop lifters,0
88f51982f87ed1092665d765da2c4b00,/content/ShopDataSet/Shop DataSet/non shop lifters/shop_lifter_n_145_1.mp4,non shop lifters,0
c18285b70598262a51d4b5d3dbc38f1d,/content/ShopDataSet/Shop DataSet/non shop lifters/shop_lifter_n_4.mp4,non shop lifters,0
c18285b70598262a51d4b5d3dbc38f1d,/content/ShopDataSet/Shop DataSet/non shop lifters/shop_lifter_n_4_1.mp4,non shop lifters,0
753b3457b9f1ba3139ee6c48796ab2de,/content/ShopDataSet/Shop DataSet/non shop lifters/shop_lifter_n_2.mp4,non shop lifters,0
753b3457b9f1ba3139ee6c48796ab2de,/content/ShopDataSet/Shop DataSet/non shop lifters/shop_lifter_n_2_1.mp4,non shop lifters,0
427308873c85e2a015ad478527a62788,/content/ShopDataSet/Shop DataSet/non shop lifters/shop_lifter_n_59_1.mp4,non shop lifters,0
427308873c85e2a015ad478527a62788,/content/ShopDataSet/Shop DataSet/non shop lifters/shop_lifter_n_59.mp4,non shop lifters,0
80de2b5268564d72f72bc1a717c758f1,/content/ShopDataSet/Shop DataSet/non shop lifters/shop_lifter_n_212_1.mp4,non shop lifters,0
80de2b5268564d72f72bc1a717c758f1,/content/ShopDataSet/Shop DataSet/non shop lifters/shop_lifter_n_212.mp4,non shop lifters,0
576ce206c0a1f763f807c011f10f6877,/content/ShopDataSet/Shop DataSet/non shop lifters/shop_lifter_n_82.mp4,non shop lifters,0
576ce206c0a1f763f807c011f10f6877,/content/ShopDataSet/Shop DataSet/non shop lifters/shop_lifter_n_82_1.mp4,non shop lifters,0
441e0898c3d160793bf87e68ab1c0702,/content/ShopDataSet/Shop DataSet/non shop lifters/shop_lifter_n_36.mp4,non shop lifters,0
441e0898c3d160793bf87e68ab1c0702,/content/ShopDataSet/Shop DataSet/non shop lifters/shop_lifter_n_36_1.mp4,non shop lifters,0
d29cbebe83cb8cdea9b44f6c6380e240,/content/ShopDataSet/Shop DataSet/non shop lifters/shop_lifter_n_208_1.mp4,non shop lifters,0
d29cbebe83cb8cdea9b44f6c6380e240,/content/ShopDataSet/Shop DataSet/non shop lifters/shop_lifter_n_208.mp4,non shop lifters,0
3d9e6522e3d761ec29925a2b58191492,/content/ShopDataSet/Shop DataSet/non shop lifters/shop_lifter_n_22_1.mp4,non shop lifters,0
3d9e6522e3d761ec29925a2b58191492,/content/ShopDataSet/Shop DataSet/non shop lifters/shop_lifter_n_22.mp4,non shop lifters,0
16adabe5f6a37e610df30b25690f97e0,/content/ShopDataSet/Shop DataSet/non shop lifters/shop_lifter_n_13.mp4,non shop lifters,0
16adabe5f6a37e610df30b25690f97e0,/content/ShopDataSet/Shop DataSet/non shop lifters/shop_lifter_n_13_1.mp4,non shop lifters,0
d9dce75526934ce35c3edab48abfc168,/content/ShopDataSet/Shop DataSet/non shop lifters/shop_lifter_n_45_1.mp4,non shop lifters,0
d9dce75526934ce35c3edab48abfc168,/content/ShopDataSet/Shop DataSet/non shop lifters/shop_lifter_n_45.mp4,non shop lifters,0
75a16f8e668d0a24b70f5e5cf89d8a06,/content/ShopDataSet/Shop DataSet/non shop lifters/shop_lifter_n_204.mp4,non shop lifters,0
75a16f8e668d0a24b70f5e5cf89d8a06,/content/ShopDataSet/Shop DataSet/non shop lifters/shop_lifter_n_204_1.mp4,non shop lifters,0
5a85e2386297dffdc38de01e9bf7df6e,/content/ShopDataSet/Shop DataSet/non shop lifters/shop_lifter_n_66.mp4,non shop lifters,0
5a85e2386297dffdc38de01e9bf7df6e,/content/ShopDataSet/Shop DataSet/non shop lifters/shop_lifter_n_66_1.mp4,non shop lifters,0
51460e6154757e4ca3f36b6b14091f52,/content/ShopDataSet/Shop DataSet/non shop lifters/shop_lifter_n_191_1.mp4,non shop lifters,0
51460e6154757e4ca3f36b6b14091f52,/content/ShopDataSet/Shop DataSet/non shop lifters/shop_lifter_n_191.mp4,non shop lifters,0
8a37b0e65fb170385a37e6cfa94e02ad,/content/ShopDataSet/Shop DataSet/non shop lifters/shop_lifter_n_77_1.mp4,non shop lifters,0
8a37b0e65fb170385a37e6cfa94e02ad,/content/ShopDataSet/Shop DataSet/non shop lifters/shop_lifter_n_77.mp4,non shop lifters,0
0f22ba88bc71d3023e781497997bfa5c,/content/ShopDataSet/Shop DataSet/non shop lifters/shop_lifter_n_50.mp4,non shop lifters,0
0f22ba88bc71d3023e781497997bfa5c,/content/ShopDataSet/Shop DataSet/non shop lifters/shop_lifter_n_50_1.mp4,non shop lifters,0
b61b097eab46237774a1ef7fade797a3,/content/ShopDataSet/Shop DataSet/non shop lifters/shop_lifter_n_56.mp4,non shop lifters,0
b61b097eab46237774a1ef7fade797a3,/content/ShopDataSet/Shop DataSet/non shop lifters/shop_lifter_n_56_1.mp4,non shop lifters,0
1c9762b133adbb59ec2eeaaa77871b46,/content/ShopDataSet/Shop DataSet/non shop lifters/shop_lifter_n_78_1.mp4,non shop lifters,0
1c9762b133adbb59ec2eeaaa77871b46,/content/ShopDataSet/Shop DataSet/non shop lifters/shop_lifter_n_78.mp4,non shop lifters,0
e5cfaa33a9141d2afea56b6aeb4c33c9,/content/ShopDataSet/Shop DataSet/non shop lifters/shop_lifter_n_185.mp4,non shop lifters,0
e5cfaa33a9141d2afea56b6aeb4c33c9,/content/ShopDataSet/Shop DataSet/non shop lifters/shop_lifter_n_185_1.mp4,non shop lifters,0
2472e519cc4101e6db81e1dcb2450945,/content/ShopDataSet/Shop DataSet/non shop lifters/shop_lifter_n_32_1.mp4,non shop lifters,0
2472e519cc4101e6db81e1dcb2450945,/content/ShopDataSet/Shop DataSet/non shop lifters/shop_lifter_n_32.mp4,non shop lifters,0
61ac19962e6775295b1065fa954c1a5b,/content/ShopDataSet/Shop DataSet/non shop lifters/shop_lifter_n_52.mp4,non shop lifters,0
61ac19962e6775295b1065fa954c1a5b,/content/ShopDataSet/Shop DataSet/non shop lifters/shop_lifter_n_52_1.mp4,non shop lifters,0
b5b1cfaff82a4b46903b7fba2cbccd5a,/content/ShopDataSet/Shop DataSet/non shop lifters/shop_lifter_n_146.mp4,non shop lifters,0
b5b1cfaff82a4b46903b7fba2cbccd5a,/content/ShopDataSet/Shop DataSet/non shop lifters/shop_lifter_n_146_1.mp4,non shop lifters,0
4961c2e42740eac9ce5580425c2fd11d,/content/ShopDataSet/Shop DataSet/non shop lifters/shop_lifter_n_111.mp4,non shop lifters,0
4961c2e42740eac9ce5580425c2fd11d,/content/ShopDataSet/Shop DataSet/non shop lifters/shop_lifter_n_111_1.mp4,non shop lifters,0
e087f8b1c7dea2b2c66307e30a2b6481,/content/ShopDataSet/Shop DataSet/non shop lifters/shop_lifter_n_130_1.mp4,non shop lifters,0
e087f8b1c7dea2b2c66307e30a2b6481,/content/ShopDataSet/Shop DataSet/non shop lifters/shop_lifter_n_130.mp4,non shop lifters,0
a0f769379bbf85444880f756c692b806,/content/ShopDataSet/Shop DataSet/non shop lifters/shop_lifter_n_160_1.mp4,non shop lifters,0
a0f769379bbf85444880f756c692b806,/content/ShopDataSet/Shop DataSet/non shop lifters/shop_lifter_n_160.mp4,non shop lifters,0
6b7650246f173e97c47ea553a6e3b8d4,/content/ShopDataSet/Shop DataSet/non shop lifters/shop_lifter_n_88_1.mp4,non shop lifters,0
6b7650246f173e97c47ea553a6e3b8d4,/content/ShopDataSet/Shop DataSet/non shop lifters/shop_lifter_n_88.mp4,non shop lifters,0
1eae2be32014a18d01428d6307202a8f,/content/ShopDataSet/Shop DataSet/non shop lifters/shop_lifter_n_192.mp4,non shop lifters,0
1eae2be32014a18d01428d6307202a8f,/content/ShopDataSet/Shop DataSet/non shop lifters/shop_lifter_n_192_1.mp4,non shop lifters,0
016016eb4aabf7504d5876727e579152,/content/ShopDataSet/Shop DataSet/non shop lifters/shop_lifter_n_120_1.mp4,non shop lifters,0
016016eb4aabf7504d5876727e579152,/content/ShopDataSet/Shop DataSet/non shop lifters/shop_lifter_n_120.mp4,non shop lifters,0
71ec3cce4f71e2dbac49831da08aa4a9,/content/ShopDataSet/Shop DataSet/non shop lifters/shop_lifter_n_206.mp4,non shop lifters,0
71ec3cce4f71e2dbac49831da08aa4a9,/content/ShopDataSet/Shop DataSet/non shop lifters/shop_lifter_n_206_1.mp4,non shop lifters,0
7df56155b5e89d2d5275f6dd58491716,/content/ShopDataSet/Shop DataSet/non shop lifters/shop_lifter_n_70.mp4,non shop lifters,0
7df56155b5e89d2d5275f6dd58491716,/content/ShopDataSet/Shop DataSet/non shop lifters/shop_lifter_n_70_1.mp4,non shop lifters,0
bbe8742e25269a339bc649e05abe8901,/content/ShopDataSet/Shop DataSet/non shop lifters/shop_lifter_n_68.mp4,non shop lifters,0
bbe8742e25269a339bc649e05abe8901,/content/ShopDataSet/Shop DataSet/non shop lifters/shop_lifter_n_68_1.mp4,non shop lifters,0
dd823ff84fa76a1d756aa2ab6b4a8928,/content/ShopDataSet/Shop DataSet/non shop lifters/shop_lifter_n_11_1.mp4,non shop lifters,0
dd823ff84fa76a1d756aa2ab6b4a8928,/content/ShopDataSet/Shop DataSet/non shop lifters/shop_lifter_n_11.mp4,non shop lifters,0
726e000f0a2c8aae15a53998f55836eb,/content/ShopDataSet/Shop DataSet/non shop lifters/shop_lifter_n_210.mp4,non shop lifters,0
726e000f0a2c8aae15a53998f55836eb,/content/ShopDataSet/Shop DataSet/non shop lifters/shop_lifter_n_210_1.mp4,non shop lifters,0
0ad011c1538ee5389973e90e6a93468c,/content/ShopDataSet/Shop DataSet/non shop lifters/shop_lifter_n_180_1.mp4,non shop lifters,0
0ad011c1538ee5389973e90e6a93468c,/content/ShopDataSet/Shop DataSet/non shop lifters/shop_lifter_n_180.mp4,non shop lifters,0
b536853c5f57f971b5089df3ca1e354c,/content/ShopDataSet/Shop DataSet/non shop lifters/shop_lifter_n_201_1.mp4,non shop lifters,0
b536853c5f57f971b5089df3ca1e354c,/content/ShopDataSet/Shop DataSet/non shop lifters/shop_lifter_n_201.mp4,non shop lifters,0
844ed320155ad8f234fc1abe59b0aac5,/content/ShopDataSet/Shop DataSet/non shop lifters/shop_lifter_n_81_1.mp4,non shop lifters,0
844ed320155ad8f234fc1abe59b0aac5,/content/ShopDataSet/Shop DataSet/non shop lifters/shop_lifter_n_81.mp4,non shop lifters,0
b66dfbb6706c7706f3b445a90896747c,/content/ShopDataSet/Shop DataSet/non shop lifters/shop_lifter_n_151_1.mp4,non shop lifters,0
b66dfbb6706c7706f3b445a90896747c,/content/ShopDataSet/Shop DataSet/non shop lifters/shop_lifter_n_151.mp4,non shop lifters,0
56f444a5125644df9c15abda8de2b88e,/content/ShopDataSet/Shop DataSet/non shop lifters/shop_lifter_n_129.mp4,non shop lifters,0
56f444a5125644df9c15abda8de2b88e,/content/ShopDataSet/Shop DataSet/non shop lifters/shop_lifter_n_129_1.mp4,non shop lifters,0
ae005e01ffa01e60c71936d8c3ea1b49,/content/ShopDataSet/Shop DataSet/non shop lifters/shop_lifter_n_148.mp4,non shop lifters,0
ae005e01ffa01e60c71936d8c3ea1b49,/content/ShopDataSet/Shop DataSet/non shop lifters/shop_lifter_n_148_1.mp4,non shop lifters,0
f58c5c02d7b0c91717b9db76a4f015d6,/content/ShopDataSet/Shop DataSet/non shop lifters/shop_lifter_n_125.mp4,non shop lifters,0
f58c5c02d7b0c91717b9db76a4f015d6,/content/ShopDataSet/Shop DataSet/non shop lifters/shop_lifter_n_125_1.mp4,non shop lifters,0
e1ec3cb36409acd32abb3997b56e6641,/content/ShopDataSet/Shop DataSet/non shop lifters/shop_lifter_n_216_1.mp4,non shop lifters,0
e1ec3cb36409acd32abb3997b56e6641,/content/ShopDataSet/Shop DataSet/non shop lifters/shop_lifter_n_216.mp4,non shop lifters,0
ca761d727d95f7832f081f0d66b2fc08,/content/ShopDataSet/Shop DataSet/non shop lifters/shop_lifter_n_134_1.mp4,non shop lifters,0
ca761d727d95f7832f081f0d66b2fc08,/content/ShopDataSet/Shop DataSet/non shop lifters/shop_lifter_n_134.mp4,non shop lifters,0
c649c207129c2f1ab877fb1bbb95b891,/content/ShopDataSet/Shop DataSet/non shop lifters/shop_lifter_n_16_1.mp4,non shop lifters,0
c649c207129c2f1ab877fb1bbb95b891,/content/ShopDataSet/Shop DataSet/non shop lifters/shop_lifter_n_16.mp4,non shop lifters,0
5c1aa4b9a4f057c53bc9aa86202c1780,/content/ShopDataSet/Shop DataSet/non shop lifters/shop_lifter_n_51_1.mp4,non shop lifters,0
5c1aa4b9a4f057c53bc9aa86202c1780,/content/ShopDataSet/Shop DataSet/non shop lifters/shop_lifter_n_51.mp4,non shop lifters,0
11859edd0cd7323de4c65e847eb47a83,/content/ShopDataSet/Shop DataSet/non shop lifters/shop_lifter_n_94.mp4,non shop lifters,0
11859edd0cd7323de4c65e847eb47a83,/content/ShopDataSet/Shop DataSet/non shop lifters/shop_lifter_n_94_1.mp4,non shop lifters,0
d19401a0c588d391297159b3affd6bea,/content/ShopDataSet/Shop DataSet/non shop lifters/shop_lifter_n_57.mp4,non shop lifters,0
d19401a0c588d391297159b3affd6bea,/content/ShopDataSet/Shop DataSet/non shop lifters/shop_lifter_n_57_1.mp4,non shop lifters,0
ea00f817d96a7b6454e902a422966fbf,/content/ShopDataSet/Shop DataSet/non shop lifters/shop_lifter_n_97.mp4,non shop lifters,0
ea00f817d96a7b6454e902a422966fbf,/content/ShopDataSet/Shop DataSet/non shop lifters/shop_lifter_n_97_1.mp4,non shop lifters,0
d5e494af36177babaaa9e9b070e504bd,/content/ShopDataSet/Shop DataSet/non shop lifters/shop_lifter_n_149.mp4,non shop lifters,0
d5e494af36177babaaa9e9b070e504bd,/content/ShopDataSet/Shop DataSet/non shop lifters/shop_lifter_n_149_1.mp4,non shop lifters,0
3836125fac75c72f97a261c6bbffef61,/content/ShopDataSet/Shop DataSet/non shop lifters/shop_lifter_n_65.mp4,non shop lifters,0
3836125fac75c72f97a261c6bbffef61,/content/ShopDataSet/Shop DataSet/non shop lifters/shop_lifter_n_65_1.mp4,non shop lifters,0
42137943ebecfc52f7727c0b21c67cff,/content/ShopDataSet/Shop DataSet/non shop lifters/shop_lifter_n_3_1.mp4,non shop lifters,0
42137943ebecfc52f7727c0b21c67cff,/content/ShopDataSet/Shop DataSet/non shop lifters/shop_lifter_n_3.mp4,non shop lifters,0
6a3c59bd8a21f9a36ed20dd3dfa22afa,/content/ShopDataSet/Shop DataSet/non shop lifters/shop_lifter_n_116_1.mp4,non shop lifters,0
6a3c59bd8a21f9a36ed20dd3dfa22afa,/content/ShopDataSet/Shop DataSet/non shop lifters/shop_lifter_n_116.mp4,non shop lifters,0
80fae439a4840df6a7518131159973a1,/content/ShopDataSet/Shop DataSet/non shop lifters/shop_lifter_n_10.mp4,non shop lifters,0
80fae439a4840df6a7518131159973a1,/content/ShopDataSet/Shop DataSet/non shop lifters/shop_lifter_n_10_1.mp4,non shop lifters,0
fed90039725494cdf5867dc19bfb3aa1,/content/ShopDataSet/Shop DataSet/non shop lifters/shop_lifter_n_25_1.mp4,non shop lifters,0
fed90039725494cdf5867dc19bfb3aa1,/content/ShopDataSet/Shop DataSet/non shop lifters/shop_lifter_n_25.mp4,non shop lifters,0
454a473c83b5fd807ac4fc61546fded8,/content/ShopDataSet/Shop DataSet/non shop lifters/shop_lifter_n_61_1.mp4,non shop lifters,0
454a473c83b5fd807ac4fc61546fded8,/content/ShopDataSet/Shop DataSet/non shop lifters/shop_lifter_n_61.mp4,non shop lifters,0
7010639b98aad78fb3f729e21c0bf915,/content/ShopDataSet/Shop DataSet/non shop lifters/shop_lifter_n_31.mp4,non shop lifters,0
7010639b98aad78fb3f729e21c0bf915,/content/ShopDataSet/Shop DataSet/non shop lifters/shop_lifter_n_31_1.mp4,non shop lifters,0
c0a36f0405825d0b5f8e12426dc980a6,/content/ShopDataSet/Shop DataSet/non shop lifters/shop_lifter_n_48_1.mp4,non shop lifters,0
c0a36f0405825d0b5f8e12426dc980a6,/content/ShopDataSet/Shop DataSet/non shop lifters/shop_lifter_n_48.mp4,non shop lifters,0
fc212eae8c7e087f93afdec21d22d755,/content/ShopDataSet/Shop DataSet/non shop lifters/shop_lifter_n_104.mp4,non shop lifters,0
fc212eae8c7e087f93afdec21d22d755,/content/ShopDataSet/Shop DataSet/non shop lifters/shop_lifter_n_104_1.mp4,non shop lifters,0
9b19dffa8abb685b9a125cc5865666bb,/content/ShopDataSet/Shop DataSet/non shop lifters/shop_lifter_n_26_1.mp4,non shop lifters,0
9b19dffa8abb685b9a125cc5865666bb,/content/ShopDataSet/Shop DataSet/non shop lifters/shop_lifter_n_26.mp4,non shop lifters,0
caed0d86d36502b17a048897b692e695,/content/ShopDataSet/Shop DataSet/non shop lifters/shop_lifter_n_205_1.mp4,non shop lifters,0
caed0d86d36502b17a048897b692e695,/content/ShopDataSet/Shop DataSet/non shop lifters/shop_lifter_n_205.mp4,non shop lifters,0
39d2c53cc4a9991158460a63f4bcafec,/content/ShopDataSet/Shop DataSet/non shop lifters/shop_lifter_n_1_1.mp4,non shop lifters,0
39d2c53cc4a9991158460a63f4bcafec,/content/ShopDataSet/Shop DataSet/non shop lifters/shop_lifter_n_1.mp4,non shop lifters,0
9108b07a65ba21f98d5a3a88dc511846,/content/ShopDataSet/Shop DataSet/non shop lifters/shop_lifter_n_124_1.mp4,non shop lifters,0
9108b07a65ba21f98d5a3a88dc511846,/content/ShopDataSet/Shop DataSet/non shop lifters/shop_lifter_n_124.mp4,non shop lifters,0
e22006f117526d032fdef94aa68f2042,/content/ShopDataSet/Shop DataSet/non shop lifters/shop_lifter_n_154.mp4,non shop lifters,0
e22006f117526d032fdef94aa68f2042,/content/ShopDataSet/Shop DataSet/non shop lifters/shop_lifter_n_154_1.mp4,non shop lifters,0
479b9b8d2aa8149a9a74a14683ffcece,/content/ShopDataSet/Shop DataSet/non shop lifters/shop_lifter_n_183.mp4,non shop lifters,0
479b9b8d2aa8149a9a74a14683ffcece,/content/ShopDataSet/Shop DataSet/non shop lifters/shop_lifter_n_183_1.mp4,non shop lifters,0
666a0541e9e3f4730bc67c7b132fda17,/content/ShopDataSet/Shop DataSet/non shop lifters/shop_lifter_n_167_1.mp4,non shop lifters,0
666a0541e9e3f4730bc67c7b132fda17,/content/ShopDataSet/Shop DataSet/non shop lifters/shop_lifter_n_167.mp4,non shop lifters,0
c2197259d52d84c66330fc4cea24afd3,/content/ShopDataSet/Shop DataSet/non shop lifters/shop_lifter_n_117_1.mp4,non shop lifters,0
c2197259d52d84c66330fc4cea24afd3,/content/ShopDataSet/Shop DataSet/non shop lifters/shop_lifter_n_117.mp4,non shop lifters,0
07f45d6b2aea1c809bf7cb6b49c8723d,/content/ShopDataSet/Shop DataSet/non shop lifters/shop_lifter_n_106.mp4,non shop lifters,0
07f45d6b2aea1c809bf7cb6b49c8723d,/content/ShopDataSet/Shop DataSet/non shop lifters/shop_lifter_n_106_1.mp4,non shop lifters,0
f8c477a37f619130d3d3ceb822575369,/content/ShopDataSet/Shop DataSet/non shop lifters/shop_lifter_n_178_1.mp4,non shop lifters,0
f8c477a37f619130d3d3ceb822575369,/content/ShopDataSet/Shop DataSet/non shop lifters/shop_lifter_n_178.mp4,non shop lifters,0
ec71dfddd73224b4b2defa8d135f2ec4,/content/ShopDataSet/Shop DataSet/non shop lifters/shop_lifter_n_123_1.mp4,non shop lifters,0
ec71dfddd73224b4b2defa8d135f2ec4,/content/ShopDataSet/Shop DataSet/non shop lifters/shop_lifter_n_123.mp4,non shop lifters,0
467b433ffda8dd0166b92265561d5db1,/content/ShopDataSet/Shop DataSet/non shop lifters/shop_lifter_n_21_1.mp4,non shop lifters,0
467b433ffda8dd0166b92265561d5db1,/content/ShopDataSet/Shop DataSet/non shop lifters/shop_lifter_n_21.mp4,non shop lifters,0
16eee9c1a5c53169e0d9eebdcd2a785f,/content/ShopDataSet/Shop DataSet/non shop lifters/shop_lifter_n_18_1.mp4,non shop lifters,0
16eee9c1a5c53169e0d9eebdcd2a785f,/content/ShopDataSet/Shop DataSet/non shop lifters/shop_lifter_n_18.mp4,non shop lifters,0
e6567b043a5c0f5d53a01cee640e8a63,/content/ShopDataSet/Shop DataSet/non shop lifters/shop_lifter_n_152_1.mp4,non shop lifters,0
e6567b043a5c0f5d53a01cee640e8a63,/content/ShopDataSet/Shop DataSet/non shop lifters/shop_lifter_n_152.mp4,non shop lifters,0
9e1ded3472066f7ba5343b180c655e6e,/content/ShopDataSet/Shop DataSet/non shop lifters/shop_lifter_n_107_1.mp4,non shop lifters,0
9e1ded3472066f7ba5343b180c655e6e,/content/ShopDataSet/Shop DataSet/non shop lifters/shop_lifter_n_107.mp4,non shop lifters,0
7e7fdaf8447610ef5c8007e365fc8976,/content/ShopDataSet/Shop DataSet/non shop lifters/shop_lifter_n_29_1.mp4,non shop lifters,0
7e7fdaf8447610ef5c8007e365fc8976,/content/ShopDataSet/Shop DataSet/non shop lifters/shop_lifter_n_29.mp4,non shop lifters,0
cee2ec6e948b071ffe9d48b0734981de,/content/ShopDataSet/Shop DataSet/non shop lifters/shop_lifter_n_17_1.mp4,non shop lifters,0
cee2ec6e948b071ffe9d48b0734981de,/content/ShopDataSet/Shop DataSet/non shop lifters/shop_lifter_n_17.mp4,non shop lifters,0
d8bc1ba97971c5fd7aa5975863ad620e,/content/ShopDataSet/Shop DataSet/non shop lifters/shop_lifter_n_155_1.mp4,non shop lifters,0
d8bc1ba97971c5fd7aa5975863ad620e,/content/ShopDataSet/Shop DataSet/non shop lifters/shop_lifter_n_155.mp4,non shop lifters,0
3b3c7efda0bd9b7545a2bf6ae335e083,/content/ShopDataSet/Shop DataSet/non shop lifters/shop_lifter_n_90.mp4,non shop lifters,0
3b3c7efda0bd9b7545a2bf6ae335e083,/content/ShopDataSet/Shop DataSet/non shop lifters/shop_lifter_n_90_1.mp4,non shop lifters,0
e768237f2c4822777303c85b4f625bf4,/content/ShopDataSet/Shop DataSet/non shop lifters/shop_lifter_n_140.mp4,non shop lifters,0
e768237f2c4822777303c85b4f625bf4,/content/ShopDataSet/Shop DataSet/non shop lifters/shop_lifter_n_140_1.mp4,non shop lifters,0
46fc05dade82c116908dcf109ee04ea6,/content/ShopDataSet/Shop DataSet/non shop lifters/shop_lifter_n_28_1.mp4,non shop lifters,0
46fc05dade82c116908dcf109ee04ea6,/content/ShopDataSet/Shop DataSet/non shop lifters/shop_lifter_n_28.mp4,non shop lifters,0
dfc8aa57df6895629c402e8f6383203a,/content/ShopDataSet/Shop DataSet/non shop lifters/shop_lifter_n_40.mp4,non shop lifters,0
dfc8aa57df6895629c402e8f6383203a,/content/ShopDataSet/Shop DataSet/non shop lifters/shop_lifter_n_40_1.mp4,non shop lifters,0
f646a641f15532f6cfeeb2679616e411,/content/ShopDataSet/Shop DataSet/non shop lifters/shop_lifter_n_173_1.mp4,non shop lifters,0
f646a641f15532f6cfeeb2679616e411,/content/ShopDataSet/Shop DataSet/non shop lifters/shop_lifter_n_173.mp4,non shop lifters,0
4567c9569f4657c2abe3d8e8dff44d8c,/content/ShopDataSet/Shop DataSet/non shop lifters/shop_lifter_n_80_1.mp4,non shop lifters,0
4567c9569f4657c2abe3d8e8dff44d8c,/content/ShopDataSet/Shop DataSet/non shop lifters/shop_lifter_n_80.mp4,non shop lifters,0
d840ec050a8aa52bb6d744dd7032fe37,/content/ShopDataSet/Shop DataSet/non shop lifters/shop_lifter_n_200_1.mp4,non shop lifters,0
d840ec050a8aa52bb6d744dd7032fe37,/content/ShopDataSet/Shop DataSet/non shop lifters/shop_lifter_n_200.mp4,non shop lifters,0
a0c00f120b36b950a34e11329de65932,/content/ShopDataSet/Shop DataSet/non shop lifters/shop_lifter_n_113_1.mp4,non shop lifters,0
a0c00f120b36b950a34e11329de65932,/content/ShopDataSet/Shop DataSet/non shop lifters/shop_lifter_n_113.mp4,non shop lifters,0
808886e743a012d63380b2a58f8bc4cd,/content/ShopDataSet/Shop DataSet/non shop lifters/shop_lifter_n_139_1.mp4,non shop lifters,0
808886e743a012d63380b2a58f8bc4cd,/content/ShopDataSet/Shop DataSet/non shop lifters/shop_lifter_n_139.mp4,non shop lifters,0
39b88c62ad37fb24a48446c841f7e2bd,/content/ShopDataSet/Shop DataSet/non shop lifters/shop_lifter_n_132.mp4,non shop lifters,0
39b88c62ad37fb24a48446c841f7e2bd,/content/ShopDataSet/Shop DataSet/non shop lifters/shop_lifter_n_132_1.mp4,non shop lifters,0
d00024d60e313d521c8b26dbfafd1919,/content/ShopDataSet/Shop DataSet/non shop lifters/shop_lifter_n_64_1.mp4,non shop lifters,0
d00024d60e313d521c8b26dbfafd1919,/content/ShopDataSet/Shop DataSet/non shop lifters/shop_lifter_n_64.mp4,non shop lifters,0
64b2a4154dc827954c1d97663ee4946e,/content/ShopDataSet/Shop DataSet/non shop lifters/shop_lifter_n_20_1.mp4,non shop lifters,0
64b2a4154dc827954c1d97663ee4946e,/content/ShopDataSet/Shop DataSet/non shop lifters/shop_lifter_n_20.mp4,non shop lifters,0
39c001a36b7047042d2abb2da126153c,/content/ShopDataSet/Shop DataSet/non shop lifters/shop_lifter_n_42.mp4,non shop lifters,0
39c001a36b7047042d2abb2da126153c,/content/ShopDataSet/Shop DataSet/non shop lifters/shop_lifter_n_42_1.mp4,non shop lifters,0
17ef38a756098cbb63928ee5deb722c8,/content/ShopDataSet/Shop DataSet/non shop lifters/shop_lifter_n_24_1.mp4,non shop lifters,0
17ef38a756098cbb63928ee5deb722c8,/content/ShopDataSet/Shop DataSet/non shop lifters/shop_lifter_n_24.mp4,non shop lifters,0
3f253a6ffbc6517ce215db6a3a2702ca,/content/ShopDataSet/Shop DataSet/non shop lifters/shop_lifter_n_38_1.mp4,non shop lifters,0
3f253a6ffbc6517ce215db6a3a2702ca,/content/ShopDataSet/Shop DataSet/non shop lifters/shop_lifter_n_38.mp4,non shop lifters,0
369023b8f722dac8ac21aa6cb337592e,/content/ShopDataSet/Shop DataSet/non shop lifters/shop_lifter_n_135_1.mp4,non shop lifters,0
369023b8f722dac8ac21aa6cb337592e,/content/ShopDataSet/Shop DataSet/non shop lifters/shop_lifter_n_135.mp4,non shop lifters,0
4401598804fbe345fc1b1abd6a96001f,/content/ShopDataSet/Shop DataSet/non shop lifters/shop_lifter_n_179_1.mp4,non shop lifters,0
4401598804fbe345fc1b1abd6a96001f,/content/ShopDataSet/Shop DataSet/non shop lifters/shop_lifter_n_179.mp4,non shop lifters,0
7e701d265e185692a45ee7759f5a0373,/content/ShopDataSet/Shop DataSet/non shop lifters/shop_lifter_n_6_1.mp4,non shop lifters,0
7e701d265e185692a45ee7759f5a0373,/content/ShopDataSet/Shop DataSet/non shop lifters/shop_lifter_n_6.mp4,non shop lifters,0
71c964e5175e126566f0169056314d08,/content/ShopDataSet/Shop DataSet/non shop lifters/shop_lifter_n_85.mp4,non shop lifters,0
71c964e5175e126566f0169056314d08,/content/ShopDataSet/Shop DataSet/non shop lifters/shop_lifter_n_85_1.mp4,non shop lifters,0
d3c52484b858d75aa0c8a5c2e57a0c18,/content/ShopDataSet/Shop DataSet/non shop lifters/shop_lifter_n_163.mp4,non shop lifters,0
d3c52484b858d75aa0c8a5c2e57a0c18,/content/ShopDataSet/Shop DataSet/non shop lifters/shop_lifter_n_163_1.mp4,non shop lifters,0
00bdf1570bd14307e6ec13b3d351e999,/content/ShopDataSet/Shop DataSet/non shop lifters/shop_lifter_n_159.mp4,non shop lifters,0
00bdf1570bd14307e6ec13b3d351e999,/content/ShopDataSet/Shop DataSet/non shop lifters/shop_lifter_n_159_1.mp4,non shop lifters,0
a7908113613444408374fdb340106e7d,/content/ShopDataSet/Shop DataSet/non shop lifters/shop_lifter_n_172_1.mp4,non shop lifters,0
a7908113613444408374fdb340106e7d,/content/ShopDataSet/Shop DataSet/non shop lifters/shop_lifter_n_172.mp4,non shop lifters,0
4c75ccc845a94022f6206881185f2fde,/content/ShopDataSet/Shop DataSet/non shop lifters/shop_lifter_n_138.mp4,non shop lifters,0
4c75ccc845a94022f6206881185f2fde,/content/ShopDataSet/Shop DataSet/non shop lifters/shop_lifter_n_138_1.mp4,non shop lifters,0
6a5eb0cf2127e46e61f32397fb354985,/content/ShopDataSet/Shop DataSet/non shop lifters/shop_lifter_n_76_1.mp4,non shop lifters,0
6a5eb0cf2127e46e61f32397fb354985,/content/ShopDataSet/Shop DataSet/non shop lifters/shop_lifter_n_76.mp4,non shop lifters,0
55fa27a04aa63778f6834609004a8b2d,/content/ShopDataSet/Shop DataSet/non shop lifters/shop_lifter_n_137_1.mp4,non shop lifters,0
55fa27a04aa63778f6834609004a8b2d,/content/ShopDataSet/Shop DataSet/non shop lifters/shop_lifter_n_137.mp4,non shop lifters,0
bf9c135e8da58d74573e944bf5078f1d,/content/ShopDataSet/Shop DataSet/non shop lifters/shop_lifter_n_23_1.mp4,non shop lifters,0
bf9c135e8da58d74573e944bf5078f1d,/content/ShopDataSet/Shop DataSet/non shop lifters/shop_lifter_n_23.mp4,non shop lifters,0
ad13ce5eb9788d9a3c326df4f4cc1cb4,/content/ShopDataSet/Shop DataSet/non shop lifters/shop_lifter_n_14.mp4,non shop lifters,0
ad13ce5eb9788d9a3c326df4f4cc1cb4,/content/ShopDataSet/Shop DataSet/non shop lifters/shop_lifter_n_14_1.mp4,non shop lifters,0
5860a9b23c9ad158e3cabf73761e71a6,/content/ShopDataSet/Shop DataSet/non shop lifters/shop_lifter_n_115_1.mp4,non shop lifters,0
5860a9b23c9ad158e3cabf73761e71a6,/content/ShopDataSet/Shop DataSet/non shop lifters/shop_lifter_n_115.mp4,non shop lifters,0
b8bb37997330261cca2982c54e402574,/content/ShopDataSet/Shop DataSet/non shop lifters/shop_lifter_n_170.mp4,non shop lifters,0
b8bb37997330261cca2982c54e402574,/content/ShopDataSet/Shop DataSet/non shop lifters/shop_lifter_n_170_1.mp4,non shop lifters,0
cd02b6c60668753495525f7e70fdddef,/content/ShopDataSet/Shop DataSet/non shop lifters/shop_lifter_n_112_1.mp4,non shop lifters,0
cd02b6c60668753495525f7e70fdddef,/content/ShopDataSet/Shop DataSet/non shop lifters/shop_lifter_n_112.mp4,non shop lifters,0
549cf5f588e5415a2b733a2ccc6ee3d2,/content/ShopDataSet/Shop DataSet/non shop lifters/shop_lifter_n_190.mp4,non shop lifters,0
549cf5f588e5415a2b733a2ccc6ee3d2,/content/ShopDataSet/Shop DataSet/non shop lifters/shop_lifter_n_190_1.mp4,non shop lifters,0
673729372f2bdb1532f3e4dafb60edd1,/content/ShopDataSet/Shop DataSet/non shop lifters/shop_lifter_n_58.mp4,non shop lifters,0
673729372f2bdb1532f3e4dafb60edd1,/content/ShopDataSet/Shop DataSet/non shop lifters/shop_lifter_n_58_1.mp4,non shop lifters,0
91cf9bf83dc646d2257a67382c9265d1,/content/ShopDataSet/Shop DataSet/non shop lifters/shop_lifter_n_5_1.mp4,non shop lifters,0
91cf9bf83dc646d2257a67382c9265d1,/content/ShopDataSet/Shop DataSet/non shop lifters/shop_lifter_n_5.mp4,non shop lifters,0
ca9c9b62d8ddaff38bf355a2a1137656,/content/ShopDataSet/Shop DataSet/non shop lifters/shop_lifter_n_41.mp4,non shop lifters,0
ca9c9b62d8ddaff38bf355a2a1137656,/content/ShopDataSet/Shop DataSet/non shop lifters/shop_lifter_n_41_1.mp4,non shop lifters,0
78168a9d2bd9270d391221c37b3713fd,/content/ShopDataSet/Shop DataSet/non shop lifters/shop_lifter_n_187_1.mp4,non shop lifters,0
78168a9d2bd9270d391221c37b3713fd,/content/ShopDataSet/Shop DataSet/non shop lifters/shop_lifter_n_187.mp4,non shop lifters,0
9f2896d939101f25b944d6a3690b8d74,/content/ShopDataSet/Shop DataSet/non shop lifters/shop_lifter_n_193.mp4,non shop lifters,0
9f2896d939101f25b944d6a3690b8d74,/content/ShopDataSet/Shop DataSet/non shop lifters/shop_lifter_n_193_1.mp4,non shop lifters,0
c23918721ddf1946f62d9a1f070e6278,/content/ShopDataSet/Shop DataSet/non shop lifters/shop_lifter_n_0_1.mp4,non shop lifters,0
c23918721ddf1946f62d9a1f070e6278,/content/ShopDataSet/Shop DataSet/non shop lifters/shop_lifter_n_0.mp4,non shop lifters,0
f3dc5ccf0969d64767c2d1bed8d3b676,/content/ShopDataSet/Shop DataSet/non shop lifters/shop_lifter_n_194_1.mp4,non shop lifters,0
f3dc5ccf0969d64767c2d1bed8d3b676,/content/ShopDataSet/Shop DataSet/non shop lifters/shop_lifter_n_194.mp4,non shop lifters,0
0711bcc8bc9e79b375f84d20e35a4cfa,/content/ShopDataSet/Shop DataSet/non shop lifters/shop_lifter_n_169_1.mp4,non shop lifters,0
0711bcc8bc9e79b375f84d20e35a4cfa,/content/ShopDataSet/Shop DataSet/non shop lifters/shop_lifter_n_169.mp4,non shop lifters,0
026130fac0ae447b28d5fe7f3d6fd109,/content/ShopDataSet/Shop DataSet/non shop lifters/shop_lifter_n_103_1.mp4,non shop lifters,0
026130fac0ae447b28d5fe7f3d6fd109,/content/ShopDataSet/Shop DataSet/non shop lifters/shop_lifter_n_103.mp4,non shop lifters,0
a74ee11f8a4ebdcace0ef1c02fb77714,/content/ShopDataSet/Shop DataSet/non shop lifters/shop_lifter_n_175.mp4,non shop lifters,0
a74ee11f8a4ebdcace0ef1c02fb77714,/content/ShopDataSet/Shop DataSet/non shop lifters/shop_lifter_n_175_1.mp4,non shop lifters,0
8254350b253115736dfe678b520eb656,/content/ShopDataSet/Shop DataSet/non shop lifters/shop_lifter_n_62.mp4,non shop lifters,0
8254350b253115736dfe678b520eb656,/content/ShopDataSet/Shop DataSet/non shop lifters/shop_lifter_n_62_1.mp4,non shop lifters,0
4d8e586bccdc4168c02f0a75d6696eab,/content/ShopDataSet/Shop DataSet/non shop lifters/shop_lifter_n_131_1.mp4,non shop lifters,0
4d8e586bccdc4168c02f0a75d6696eab,/content/ShopDataSet/Shop DataSet/non shop lifters/shop_lifter_n_131.mp4,non shop lifters,0
7adb237c60072ef1780f5a47cb7bc4dc,/content/ShopDataSet/Shop DataSet/non shop lifters/shop_lifter_n_150_1.mp4,non shop lifters,0
7adb237c60072ef1780f5a47cb7bc4dc,/content/ShopDataSet/Shop DataSet/non shop lifters/shop_lifter_n_150.mp4,non shop lifters,0
59b2d1abd7d0cadaa6903ece0883ec75,/content/ShopDataSet/Shop DataSet/non shop lifters/shop_lifter_n_75_1.mp4,non shop lifters,0
59b2d1abd7d0cadaa6903ece0883ec75,/content/ShopDataSet/Shop DataSet/non shop lifters/shop_lifter_n_75.mp4,non shop lifters,0
e576b512cb9d7ab80375d971265a373c,/content/ShopDataSet/Shop DataSet/non shop lifters/shop_lifter_n_69.mp4,non shop lifters,0
e576b512cb9d7ab80375d971265a373c,/content/ShopDataSet/Shop DataSet/non shop lifters/shop_lifter_n_69_1.mp4,non shop lifters,0
2263ee411af63d14741a823bda19578e,/content/ShopDataSet/Shop DataSet/non shop lifters/shop_lifter_n_199.mp4,non shop lifters,0
2263ee411af63d14741a823bda19578e,/content/ShopDataSet/Shop DataSet/non shop lifters/shop_lifter_n_199_1.mp4,non shop lifters,0
e95ed380f7fd31367c7bff95a7d3390b,/content/ShopDataSet/Shop DataSet/non shop lifters/shop_lifter_n_181_1.mp4,non shop lifters,0
e95ed380f7fd31367c7bff95a7d3390b,/content/ShopDataSet/Shop DataSet/non shop lifters/shop_lifter_n_181.mp4,non shop lifters,0
e37612d33790f288c03fd10824374f1a,/content/ShopDataSet/Shop DataSet/non shop lifters/shop_lifter_n_37_1.mp4,non shop lifters,0
e37612d33790f288c03fd10824374f1a,/content/ShopDataSet/Shop DataSet/non shop lifters/shop_lifter_n_37.mp4,non shop lifters,0
9ed14a35977d41fa190c23cbc020fd00,/content/ShopDataSet/Shop DataSet/non shop lifters/shop_lifter_n_91_1.mp4,non shop lifters,0
9ed14a35977d41fa190c23cbc020fd00,/content/ShopDataSet/Shop DataSet/non shop lifters/shop_lifter_n_91.mp4,non shop lifters,0
c30f1c9b64f27a720196e46a8052afbf,/content/ShopDataSet/Shop DataSet/non shop lifters/shop_lifter_n_30.mp4,non shop lifters,0
c30f1c9b64f27a720196e46a8052afbf,/content/ShopDataSet/Shop DataSet/non shop lifters/shop_lifter_n_30_1.mp4,non shop lifters,0
d552f924ed9c53cc1e9152378e8b5064,/content/ShopDataSet/Shop DataSet/non shop lifters/shop_lifter_n_63_1.mp4,non shop lifters,0
d552f924ed9c53cc1e9152378e8b5064,/content/ShopDataSet/Shop DataSet/non shop lifters/shop_lifter_n_63.mp4,non shop lifters,0
98825eee47d8e6f2c2502f13d9c6e9f2,/content/ShopDataSet/Shop DataSet/non shop lifters/shop_lifter_n_168.mp4,non shop lifters,0
98825eee47d8e6f2c2502f13d9c6e9f2,/content/ShopDataSet/Shop DataSet/non shop lifters/shop_lifter_n_168_1.mp4,non shop lifters,0
157461e0e7ff0be69e71f5597a5ea308,/content/ShopDataSet/Shop DataSet/non shop lifters/shop_lifter_n_43.mp4,non shop lifters,0
157461e0e7ff0be69e71f5597a5ea308,/content/ShopDataSet/Shop DataSet/non shop lifters/shop_lifter_n_43_1.mp4,non shop lifters,0
d003bfd3551f3c928d5cf2991aa749be,/content/ShopDataSet/Shop DataSet/non shop lifters/shop_lifter_n_47_1.mp4,non shop lifters,0
d003bfd3551f3c928d5cf2991aa749be,/content/ShopDataSet/Shop DataSet/non shop lifters/shop_lifter_n_47.mp4,non shop lifters,0
dcf5f790330592c5826aa555dec6f503,/content/ShopDataSet/Shop DataSet/non shop lifters/shop_lifter_n_161.mp4,non shop lifters,0
dcf5f790330592c5826aa555dec6f503,/content/ShopDataSet/Shop DataSet/non shop lifters/shop_lifter_n_161_1.mp4,non shop lifters,0
441d643c1fe3820e56b32b1e9ee1d440,/content/ShopDataSet/Shop DataSet/non shop lifters/shop_lifter_n_95.mp4,non shop lifters,0
441d643c1fe3820e56b32b1e9ee1d440,/content/ShopDataSet/Shop DataSet/non shop lifters/shop_lifter_n_95_1.mp4,non shop lifters,0
ee5eb79b8588fd092834787e278bcc16,/content/ShopDataSet/Shop DataSet/non shop lifters/shop_lifter_n_157.mp4,non shop lifters,0
ee5eb79b8588fd092834787e278bcc16,/content/ShopDataSet/Shop DataSet/non shop lifters/shop_lifter_n_157_1.mp4,non shop lifters,0
896fb563b1bd5075ce42be1090b0d1ee,/content/ShopDataSet/Shop DataSet/non shop lifters/shop_lifter_n_96.mp4,non shop lifters,0
896fb563b1bd5075ce42be1090b0d1ee,/content/ShopDataSet/Shop DataSet/non shop lifters/shop_lifter_n_96_1.mp4,non shop lifters,0
77a9b732a7df9c064c95379f46e1f38c,/content/ShopDataSet/Shop DataSet/non shop lifters/shop_lifter_n_12_1.mp4,non shop lifters,0
77a9b732a7df9c064c95379f46e1f38c,/content/ShopDataSet/Shop DataSet/non shop lifters/shop_lifter_n_12.mp4,non shop lifters,0
275b82d6b78b9ba9d67b863e3e7c9b8c,/content/ShopDataSet/Shop DataSet/non shop lifters/shop_lifter_n_54.mp4,non shop lifters,0
275b82d6b78b9ba9d67b863e3e7c9b8c,/content/ShopDataSet/Shop DataSet/non shop lifters/shop_lifter_n_54_1.mp4,non shop lifters,0
16232b193170a665fbfbd93dfe88072b,/content/ShopDataSet/Shop DataSet/non shop lifters/shop_lifter_n_100.mp4,non shop lifters,0
16232b193170a665fbfbd93dfe88072b,/content/ShopDataSet/Shop DataSet/non shop lifters/shop_lifter_n_100_1.mp4,non shop lifters,0
69dcc5cdcf85016fdc83cddd9b69d045,/content/ShopDataSet/Shop DataSet/non shop lifters/shop_lifter_n_49_1.mp4,non shop lifters,0
69dcc5cdcf85016fdc83cddd9b69d045,/content/ShopDataSet/Shop DataSet/non shop lifters/shop_lifter_n_49.mp4,non shop lifters,0
6ebc8c2af4091acb9720411384799a63,/content/ShopDataSet/Shop DataSet/non shop lifters/shop_lifter_n_122_1.mp4,non shop lifters,0
6ebc8c2af4091acb9720411384799a63,/content/ShopDataSet/Shop DataSet/non shop lifters/shop_lifter_n_122.mp4,non shop lifters,0
e12ebfc681e351dde966acba29133732,/content/ShopDataSet/Shop DataSet/non shop lifters/shop_lifter_n_60_1.mp4,non shop lifters,0
e12ebfc681e351dde966acba29133732,/content/ShopDataSet/Shop DataSet/non shop lifters/shop_lifter_n_60.mp4,non shop lifters,0
49cc67879d38567ed63a2aaa0b2996b7,/content/ShopDataSet/Shop DataSet/non shop lifters/shop_lifter_n_207.mp4,non shop lifters,0
49cc67879d38567ed63a2aaa0b2996b7,/content/ShopDataSet/Shop DataSet/non shop lifters/shop_lifter_n_207_1.mp4,non shop lifters,0
aec937ed70101d725e80540d6fb24f79,/content/ShopDataSet/Shop DataSet/non shop lifters/shop_lifter_n_196.mp4,non shop lifters,0
aec937ed70101d725e80540d6fb24f79,/content/ShopDataSet/Shop DataSet/non shop lifters/shop_lifter_n_196_1.mp4,non shop lifters,0
642c4b7166b45013018c8844ad12295b,/content/ShopDataSet/Shop DataSet/non shop lifters/shop_lifter_n_79_1.mp4,non shop lifters,0
642c4b7166b45013018c8844ad12295b,/content/ShopDataSet/Shop DataSet/non shop lifters/shop_lifter_n_79.mp4,non shop lifters,0
f4a49ea6afb234afc9e0fdb7dd2b891f,/content/ShopDataSet/Shop DataSet/non shop lifters/shop_lifter_n_211.mp4,non shop lifters,0
f4a49ea6afb234afc9e0fdb7dd2b891f,/content/ShopDataSet/Shop DataSet/non shop lifters/shop_lifter_n_211_1.mp4,non shop lifters,0
9e0b168d3e72000c75bda332f9b16ffc,/content/ShopDataSet/Shop DataSet/non shop lifters/shop_lifter_n_67_1.mp4,non shop lifters,0
9e0b168d3e72000c75bda332f9b16ffc,/content/ShopDataSet/Shop DataSet/non shop lifters/shop_lifter_n_67.mp4,non shop lifters,0
ba8636647eb17e1218e4be456fe773aa,/content/ShopDataSet/Shop DataSet/non shop lifters/shop_lifter_n_188.mp4,non shop lifters,0
ba8636647eb17e1218e4be456fe773aa,/content/ShopDataSet/Shop DataSet/non shop lifters/shop_lifter_n_188_1.mp4,non shop lifters,0
1fa65ef7ab82378acc0c28f41b7a972e,/content/ShopDataSet/Shop DataSet/non shop lifters/shop_lifter_n_144.mp4,non shop lifters,0
1fa65ef7ab82378acc0c28f41b7a972e,/content/ShopDataSet/Shop DataSet/non shop lifters/shop_lifter_n_144_1.mp4,non shop lifters,0
9b67cc65e0a296a15689b01c03e2e8d6,/content/ShopDataSet/Shop DataSet/non shop lifters/shop_lifter_n_166_1.mp4,non shop lifters,0
9b67cc65e0a296a15689b01c03e2e8d6,/content/ShopDataSet/Shop DataSet/non shop lifters/shop_lifter_n_166.mp4,non shop lifters,0
d381e86f3d4548d9ed8d2e32c3a218f3,/content/ShopDataSet/Shop DataSet/non shop lifters/shop_lifter_n_217_1.mp4,non shop lifters,0
d381e86f3d4548d9ed8d2e32c3a218f3,/content/ShopDataSet/Shop DataSet/non shop lifters/shop_lifter_n_217.mp4,non shop lifters,0
f1976141ed81055e1c4bf2ac9ebd1f97,/content/ShopDataSet/Shop DataSet/non shop lifters/shop_lifter_n_105.mp4,non shop lifters,0
f1976141ed81055e1c4bf2ac9ebd1f97,/content/ShopDataSet/Shop DataSet/non shop lifters/shop_lifter_n_105_1.mp4,non shop lifters,0
624874dd81b5c7f22a7adaed722c33ed,/content/ShopDataSet/Shop DataSet/non shop lifters/shop_lifter_n_102_1.mp4,non shop lifters,0
624874dd81b5c7f22a7adaed722c33ed,/content/ShopDataSet/Shop DataSet/non shop lifters/shop_lifter_n_102.mp4,non shop lifters,0
ca147e013fbaed7c465dc4fe87b635ce,/content/ShopDataSet/Shop DataSet/non shop lifters/shop_lifter_n_86_1.mp4,non shop lifters,0
ca147e013fbaed7c465dc4fe87b635ce,/content/ShopDataSet/Shop DataSet/non shop lifters/shop_lifter_n_86.mp4,non shop lifters,0
2c9bd7727bb5d2fe57545879f14024b7,/content/ShopDataSet/Shop DataSet/non shop lifters/shop_lifter_n_34_1.mp4,non shop lifters,0
2c9bd7727bb5d2fe57545879f14024b7,/content/ShopDataSet/Shop DataSet/non shop lifters/shop_lifter_n_34.mp4,non shop lifters,0
196de1af0f2cf498ffdf9d1eb2713065,/content/ShopDataSet/Shop DataSet/non shop lifters/shop_lifter_n_213_1.mp4,non shop lifters,0
196de1af0f2cf498ffdf9d1eb2713065,/content/ShopDataSet/Shop DataSet/non shop lifters/shop_lifter_n_213.mp4,non shop lifters,0
3c5e71bfd945d7ae464b94a9b9ae3335,/content/ShopDataSet/Shop DataSet/non shop lifters/shop_lifter_n_73.mp4,non shop lifters,0
3c5e71bfd945d7ae464b94a9b9ae3335,/content/ShopDataSet/Shop DataSet/non shop lifters/shop_lifter_n_73_1.mp4,non shop lifters,0
bf4ea46b4b92ea9d32a923d7e079cc5f,/content/ShopDataSet/Shop DataSet/non shop lifters/shop_lifter_n_142.mp4,non shop lifters,0
bf4ea46b4b92ea9d32a923d7e079cc5f,/content/ShopDataSet/Shop DataSet/non shop lifters/shop_lifter_n_142_1.mp4,non shop lifters,0
68b38c901528b8b75a5b2cf6d67bc170,/content/ShopDataSet/Shop DataSet/non shop lifters/shop_lifter_n_7.mp4,non shop lifters,0
68b38c901528b8b75a5b2cf6d67bc170,/content/ShopDataSet/Shop DataSet/non shop lifters/shop_lifter_n_7_1.mp4,non shop lifters,0
6c106cb7fb3cdf6498ac2581e38e423a,/content/ShopDataSet/Shop DataSet/non shop lifters/shop_lifter_n_189.mp4,non shop lifters,0
6c106cb7fb3cdf6498ac2581e38e423a,/content/ShopDataSet/Shop DataSet/non shop lifters/shop_lifter_n_189_1.mp4,non shop lifters,0
40cd0a8f400a5e80880d2086a47bd075,/content/ShopDataSet/Shop DataSet/non shop lifters/shop_lifter_n_215_1.mp4,non shop lifters,0
40cd0a8f400a5e80880d2086a47bd075,/content/ShopDataSet/Shop DataSet/non shop lifters/shop_lifter_n_215.mp4,non shop lifters,0
7fb793c2ebf71e0c59b8e0c82c986d49,/content/ShopDataSet/Shop DataSet/non shop lifters/shop_lifter_n_136.mp4,non shop lifters,0
7fb793c2ebf71e0c59b8e0c82c986d49,/content/ShopDataSet/Shop DataSet/non shop lifters/shop_lifter_n_136_1.mp4,non shop lifters,0
d612e41129cd841a77440180bed7e1a3,/content/ShopDataSet/Shop DataSet/non shop lifters/shop_lifter_n_147_1.mp4,non shop lifters,0
d612e41129cd841a77440180bed7e1a3,/content/ShopDataSet/Shop DataSet/non shop lifters/shop_lifter_n_147.mp4,non shop lifters,0
a1dfbf8d3b0a62732e1926df0976b6ad,/content/ShopDataSet/Shop DataSet/non shop lifters/shop_lifter_n_119_1.mp4,non shop lifters,0
a1dfbf8d3b0a62732e1926df0976b6ad,/content/ShopDataSet/Shop DataSet/non shop lifters/shop_lifter_n_119.mp4,non shop lifters,0
976a206a6744f5205e4e35eedc0ad9c3,/content/ShopDataSet/Shop DataSet/non shop lifters/shop_lifter_n_153_1.mp4,non shop lifters,0
976a206a6744f5205e4e35eedc0ad9c3,/content/ShopDataSet/Shop DataSet/non shop lifters/shop_lifter_n_153.mp4,non shop lifters,0
3682272fece2f528f43c3b4deb1ffcc6,/content/ShopDataSet/Shop DataSet/non shop lifters/shop_lifter_n_8_1.mp4,non shop lifters,0
3682272fece2f528f43c3b4deb1ffcc6,/content/ShopDataSet/Shop DataSet/non shop lifters/shop_lifter_n_8.mp4,non shop lifters,0
71f766a36cf73a9fb00f2a97ad670bac,/content/ShopDataSet/Shop DataSet/non shop lifters/shop_lifter_n_84_1.mp4,non shop lifters,0
71f766a36cf73a9fb00f2a97ad670bac,/content/ShopDataSet/Shop DataSet/non shop lifters/shop_lifter_n_84.mp4,non shop lifters,0
0f5f56db13232d1b5006f421e0b536e7,/content/ShopDataSet/Shop DataSet/non shop lifters/shop_lifter_n_114.mp4,non shop lifters,0
0f5f56db13232d1b5006f421e0b536e7,/content/ShopDataSet/Shop DataSet/non shop lifters/shop_lifter_n_114_1.mp4,non shop lifters,0
7f09dd3533c6041082a83bee11f16035,/content/ShopDataSet/Shop DataSet/non shop lifters/shop_lifter_n_109.mp4,non shop lifters,0
7f09dd3533c6041082a83bee11f16035,/content/ShopDataSet/Shop DataSet/non shop lifters/shop_lifter_n_109_1.mp4,non shop lifters,0
